MD5;~
8C221787AE0A5A31A82402B28F4D11E7;
B3C07CCEA832A5C966CF4623842044FF;
806BC1803385795F07EF1CE04A7A18A4;
ABAF853EA18A732051C54830EBF06215;
234B046CD9595473337E3C73CD104431;
17C0F25F2AEE73D62D0909D7576500EA;
47E69C7ED9D689FDB4BC29CD976B28B1;
CE3B69381CC60A5665A5CC87333AB9A6;
BC6E0F8075A69E29A8777C47194F4414;
4438644E280147F5DA0A053C169171FC;
4438644E280147F5DA0A053C169171FC;
3906E2665EAAD199A6699BE90EA5A87E;
3906E2665EAAD199A6699BE90EA5A87E;
A4913526D4F42FAAFEC05D9DBAD06977;
E50638DE23B461D41B366C5E631D8181;
6A1FAEB3B08F39D9460F0D33BCF203A0;
3171D5E7E8AE7FE74D172DCAA5F252C5;
012EA6D29554C4F32866914A240CAD9D;
B396A9EA5821BF4BAF8B459A2C699482;
7D7C36F5E8F0824D3301853CB9D6EAC7;
CACD2D28FC240214FDE2D8FDF8475CA5;
3906E2665EAAD199A6699BE90EA5A87E;
A04924312B6C510571F280A5988E23F4;
320FE130418CB7D9C51AE9F88AEC9BC6;
C697FCE683BE1FDA12986C9A5EDE2633;
4508DCBF30B94D9C0BD08FC54836584B;
662AEF7D4F1DFB4E226E4D402B086553;
63B45AD2F828DC150D25E7C24BD80861;
8D9B73BE92FC8C1341548A5C4A396D9E;
732575F86BEFF9FFED43B76E4EFA0E7A;
09C4794DD5C576535FEFC829FA3CD7F7;
06EB9050D4504E63ADF78329B4C2D1B6;
FE566758022CE60AF5E2E2537BF3D576;
D1BFE40FBCA45DF028029E2B5F2A62E4;
5D112F17B8A931CAAFFB60141A3909E9;
2CE49CC6E7574866A251DF052E6BD564;
8506AF01442A49721969D9F0B554A383;
D3098798279CAC5D48185EB6FF07BF98;
11A9810573C417F3A2D6D543AAFB2AD1;
68963C9DD57387A64757C24FB9BA71C0;
403CCE339A34B1BE43295CC1C5A31558;
61E025F5E1E5FDC4606F0B7A72668EC5;
806074EAA5E5EA50C5FE172985B00928;
4A7A4BE52185150276EA2D7D730BCB5D;
4B6B7C188B55D7D6B57F9BC258437D16;
B8AA8D65814DA93D9E5A800AC7E42559;
F00C93065F6B623FC9FC6973264FCF64;
52E0BDAD82455ACDD734D931C384D752;
ADCA59F0E6887EDC37F92CF49AFF8D85;
568050A305D9233AC99E8E61C831B10D;
EC64341A2E750EE078D75F0D5A5BB5B0;
1A244C9B0D8BD49AB865608A71E7BF9F;
CC09E605A3ECFA3273C92F47ADD162CE;
89ABD5B0A6A1FDE989ABACA7C8B6630D;
FF5FFD53C1C2BD837815CCC1F624FE80;
91D2E654BC1B77A6F9966A47E74A3FE6;
64D7384D45CA20CF8387CEDB0A88F9CD;
6F9EF8B11E1672812C3FAC048027940A;
8D162BBF7503647A1B435CB36B89CCE9;
4A25EC277872DB94AB08A6DC575AB814;
B4CCBE7D3E823E383D913A89FBD4C497;
3A0004D6AAD5FD623A34DA3F783D0444;
A32C33F76270ED982B366F77FFBD7FC4;
F7052812CD3539D9FA7A09E8437807B7;
B5D931DBA16E751B88D9DD93B2166CA3;
063FB410A639654CFF21E97A8E2F173D;
38E2E2B4EC2CCF05398BF80BFD953F39;
B396A9EA5821BF4BAF8B459A2C699482;
88F7195157E11A72E9648C2648FDDF83;
7D7C36F5E8F0824D3301853CB9D6EAC7;
6DA55E54C2664DF235355A9606CFE305;
4B6B375EA522F318CC303E1F332465E0;
089B747103E7B0821C41CE5019DA0D9B;
BF5E80C13D64C2F4D4E5CCA7DF3F7138;
E974A7ED7FA0C096AA1F59AE6D8CCE72;
06C5B71A9C1235622CD0D758019709C0;
6D836BA012656797A524ED0E1AF4804B;
D474B9AC58D771BB7F97A51DF78A84D6;
0A4BDF6EFD3AD67CF245F28105AE053C;
F57FC9BD9059D1DC21A5A4A460987C63;
FF12F3C26A45FDD420074E11E776A09E;
25906DC2432AF36D237FFEE8C48FF806;
426E8D418074ECDC12FFAFBED6C8113A;
021D7EA15D599B6212B5FFF3499FB3E5;
683A611AF25135E6196F4549C02EEF95;
214237FDCB50FC37EBE25E240141A0E1;
3E690ED3C6A9F167AC549E3B9FAF36F2;
67635DF48F79B16014233F932175B525;
F82CCAAD32862EE830F4E2971FF165CD;
6A21F60DA4FEDAD09F003F957ACC80DA;
00E3579B75DF7FA8340EF8636C629187;
3192704B3055DB6EC4D258036DE367F9;
F16C36D3C31A892E94AAC1A714390F8B;
CAA9D29F5B5751A94A179328AAF7CC6F;
137A55C26E9AE8A92BF8CBEE0B70EF61;
